"id_curso";"nome";"id_coordenador";"coordenador";"situacao_curso";"nivel_ensino";"grau_academico";"modalidade_educacao";"area_conhecimento";"tipo_oferta";"turno";"tipo_ciclo_formacao";"municipio";"campus";"id_unidade_responsavel";"unidade_responsavel";"website";"data_funcionamento";"codigo_inep";"dou";"portaria_reconhecimento";"convenio_academico";
"2000002";"ADMINISTRAÇÃO";"20894";"THELMA PIGNATARO";"ATIVO";"GRADUAÇÃO";"BACHARELADO";"Presencial";"Ciências Sociais Aplicadas";"Regular";"Matutino e Noturno";"Um ciclo";"NATAL";"Campus Central";"443";"CENTRO DE CIÊNCIAS SOCIAIS APLICADAS";"http://sol.ccsa.ufrn.br/ccsa/areas/adm/administracao";"1971-09-16";"12311";"2017-04-04";"Portaria nº 272/2017 - MEC";"";
"15315770";"ADMINISTRAÇÃO PÚBLICA";"23122";"MATILDE MEDEIROS DE ARAÚJO";"ATIVO";"GRADUAÇÃO";"BACHARELADO";"A Distância";"Ciências Sociais Aplicadas";"Regular";"";"Um ciclo";"NATAL";"";"443";"CENTRO DE CIÊNCIAS SOCIAIS APLICADAS";"";"";"1151028";"2014-04-11";"Portaria nº 226/2014 - DIREG/MEC";"";
"94598200";"ANÁLISE E DESENVOLVIMENTO DE SISTEMAS";"5757908";"TANIRO CHACON RODRIGUES";"ATIVO";"GRADUAÇÃO";"TECNOLÓGICO";"Presencial";"Outra";"Anual";"";"Um ciclo";"MACAÍBA";"";"351";"ESCOLA AGRÍCOLA DE JUNDIAÍ";"";"";"1188193";"2015-12-24";"Portaria nº 1034/2015 - DIREG/MEC";"";
"2000005";"ARQUITETURA E URBANISMO";"5756800";"GLAUCE LILIAN ALVES DE ALBUQUERQUE";"ATIVO";"GRADUAÇÃO";"BACHARELADO";"Presencial";"Engenharias";"Regular";"Matutino, Vespertino e Noturno";"Um ciclo";"NATAL";"Campus Central";"445";"CENTRO DE TECNOLOGIA";"";"1973-08-13";"12343";"2015-12-30";"Portaria nº 1098/2015 - DIREG/MEC";"";
"2000123";"ARTES VISUAIS";"5754967";"ROGERIO JUNIOR CORREIA TAVARES";"ATIVO";"GRADUAÇÃO";"LICENCIATURA";"Presencial";"Linguística, Letras e Artes";"Regular";"Matutino e Vespertino";"Um ciclo";"NATAL";"Campus Central";"442";"CENTRO DE CIÊNCIAS HUMANAS, LETRAS E ARTES";"";"1977-03-03";"95667";"2015-12-30";"Portaria nº 1098 - DIREG/MEC";"";
"2000006";"BIBLIOTECONOMIA";"5757099";"FRANCISCO DE ASSIS NOBERTO GALDINO DE ARAUJO";"ATIVO";"GRADUAÇÃO";"BACHARELADO";"Presencial";"Ciências Sociais Aplicadas";"Regular";"Vespertino";"Um ciclo";"NATAL";"Campus Central";"443";"CENTRO DE CIÊNCIAS SOCIAIS APLICADAS";"http://sol.ccsa.ufrn.br/ccsa/areas/biblio/biblioteconomia/";"1977-03-03";"18393";"2017-06-26";"Portaria nº 628/2017 - MEC";"";
"2000122";"BIOMEDICINA";"5752642";"VANIA SOUSA ANDRADE";"ATIVO";"GRADUAÇÃO";"BACHARELADO";"Presencial";"Ciências Biológicas";"Regular";"Matutino, Vespertino e Noturno";"Um ciclo";"NATAL";"Campus Central";"440";"CENTRO DE BIOCIÊNCIAS";"";"2003-03-31";"60288";"2018-03-02";"Portaria Nº 133/2018 - MEC";"";
"2000013";"CIÊNCIA DA COMPUTAÇÃO";"5755388";"CARLOS AUGUSTO PROLO";"ATIVO";"GRADUAÇÃO";"BACHARELADO";"Presencial";"Ciências Exatas e da Terra";"Regular";"Matutino e Vespertino";"Dois ciclos";"NATAL";"Campus Central";"439";"CENTRO DE CIÊNCIAS EXATAS E DA TERRA";"http://www.dimap.ufrn.br/ccc.html";"1987-03-01";"12313";"2015-12-30";"Portaria nº 1098/2015 - DIREG/MEC";"";
"6633741";"CIÊNCIAS ATUARIAIS";"5752696";"LUANA JUNQUEIRA DIAS MYRRHA";"ATIVO";"GRADUAÇÃO";"BACHARELADO";"Presencial";"Ciências Exatas e da Terra";"Regular";"";"Um ciclo";"NATAL";"";"439";"CENTRO DE CIÊNCIAS EXATAS E DA TERRA";"";"";"116514";"2013-12-30";"Portaria nº 735/2013 - MEC";"";
"2000009";"CIÊNCIAS BIOLÓGICAS";"24795";"RENATA DE FÁTIMA PANOSSO";"ATIVO";"GRADUAÇÃO";"BACHARELADO";"Presencial";"Ciências Biológicas";"Regular";"Matutino, Vespertino e Noturno";"Um ciclo";"NATAL";"Campus Central";"440";"CENTRO DE BIOCIÊNCIAS";"http://www.cb.ufrn.br/conteudo/cursos/biologia/biologia.htm";"1970-02-23";"12332";"2015-12-30";"Portaria nº 1098/2015 - DIREG/MEC";"";
"111635035";"CIÊNCIAS BIOLÓGICAS";"";"";"ATIVO";"GRADUAÇÃO";"LICENCIATURA";"Presencial";"Ciências Biológicas";"Regular";"Matutino, Vespertino e Noturno";"Um ciclo";"NATAL";"Campus Central";"440";"CENTRO DE BIOCIÊNCIAS";"http://www.cb.ufrn.br/conteudo/cursos/biologia/biologia.htm";"1970-02-23";"312332";"2015-12-30";"Portaria nº 1098/2015 - DIREG/MEC";"";
"9295710";"CIÊNCIAS BIOLÓGICAS";"2305973";"NAISANDRA BEZERRA DA SILVA FARIAS";"ATIVO";"GRADUAÇÃO";"LICENCIATURA";"A Distância";"Ciências Biológicas";"Regular";"";"Um ciclo";"NATAL";"";"440";"CENTRO DE BIOCIÊNCIAS";"";"";"120887";"2016-05-16";"Portaria nº 190/2016 - MEC";"";
"2000012";"CIÊNCIAS CONTÁBEIS";"5752554";"SOCRATES DANTAS LOPES";"ATIVO";"GRADUAÇÃO";"BACHARELADO";"Presencial";"Ciências Sociais Aplicadas";"Regular";"Matutino e Noturno";"Um ciclo";"CAICÓ";"Campus Caicó";"1482";"CENTRO DE  ENSINO SUPERIOR DO SERIDÓ";"";"1979-03-11";"12349";"2017-04-04";"Portaria nº 272/2017 - MEC";"";
"2000011";"CIÊNCIAS CONTÁBEIS";"5752008";"ADRIANA ISABEL BACKES STEPPAN";"ATIVO";"GRADUAÇÃO";"BACHARELADO";"Presencial";"Ciências Sociais Aplicadas";"Regular";"Matutino e Noturno";"Um ciclo";"NATAL";"Campus Central";"443";"CENTRO DE CIÊNCIAS SOCIAIS APLICADAS";"http://sol.ccsa.ufrn.br/ccsa/areas/cont/contabeis/";"1962-09-16";"12312";"2017-04-04";"Portaria nº 272/2017 - MEC";"";
"2000014";"CIÊNCIAS ECONÔMICAS";"5756922";"JOAO PAULO MARTINS GUEDES";"ATIVO";"GRADUAÇÃO";"BACHARELADO";"Presencial";"Ciências Sociais Aplicadas";"Regular";"Matutino e Noturno";"Um ciclo";"NATAL";"Campus Central";"443";"CENTRO DE CIÊNCIAS SOCIAIS APLICADAS";"http://sol.ccsa.ufrn.br/ccsa/areas/eco/economia/";"1979-06-16";"12314";"2017-04-04";"Portaria nº 272/2017 - MEC";"";
"10320810";"CIÊNCIAS E TECNOLOGIA";"5753080";"KALINE MELO DE SOUTO VIANA";"ATIVO";"GRADUAÇÃO";"BACHARELADO";"Presencial";"Ciências Exatas e da Terra";"Regular";"";"Um ciclo";"NATAL";"";"4885";"ESCOLA DE CIÊNCIAS E TECNOLOGIA";"http://www.prograd.ufrn.br";"";"116756";"2014-03-31";"Portaria nº 217/2014 - DIREG/MEC";"";
"111635038";"CIÊNCIAS SOCIAIS";"23125";"IRENE ALVES DE PAIVA";"ATIVO";"GRADUAÇÃO";"LICENCIATURA";"Presencial";"Ciências Humanas";"Regular";"Matutino e Noturno";"Um ciclo";"NATAL";"Campus Central";"442";"CENTRO DE CIÊNCIAS HUMANAS, LETRAS E ARTES";"http://www.nexusonline.com.br/ccs/";"1974-09-04";"12315";"2015-12-30";"Portaria nº 1098/2015 - DIREG/MEC";"";
"2000015";"CIÊNCIAS SOCIAIS";"5753582";"JULIANA GONCALVES MELO";"ATIVO";"GRADUAÇÃO";"BACHARELADO";"Presencial";"Ciências Humanas";"Regular";"Matutino e Noturno";"Um ciclo";"NATAL";"Campus Central";"442";"CENTRO DE CIÊNCIAS HUMANAS, LETRAS E ARTES";"http://www.nexusonline.com.br/ccs/";"1974-09-04";"1113220";"1976-04-02";"DECRETO Nº 77.363";"";
"2000016";"COMUNICAÇÃO SOCIAL";"25607";"KENIA BEATRIZ FERREIRA MAIA";"ATIVO";"GRADUAÇÃO";"BACHARELADO";"Presencial";"Ciências Humanas";"Regular";"Matutino, Vespertino e Noturno";"Um ciclo";"NATAL";"Campus Central";"442";"CENTRO DE CIÊNCIAS HUMANAS, LETRAS E ARTES";"http://www.decom.ufrn.br/";"1963-03-01";"116516";"2013-12-19";"Portaria nº 707/2013 - DIREG/MEC";"";
"119512361";"COMUNICAÇÃO SOCIAL - AUDIOVISUAL";"5751833";"MARIA ANGELA PAVAN";"ATIVO";"GRADUAÇÃO";"BACHARELADO";"Presencial";"Ciências Humanas";"Semestral";"";"Um ciclo";"NATAL";"";"442";"CENTRO DE CIÊNCIAS HUMANAS, LETRAS E ARTES";"";"";"1364002";"";"";"";
"118834827";"COMUNICAÇÃO SOCIAL- PUBLICIDADE E PROPAGANDA";"";"";"ATIVO";"GRADUAÇÃO";"BACHARELADO";"Presencial";"Ciências Humanas";"Semestral";"";"Um ciclo";"NATAL";"";"442";"CENTRO DE CIÊNCIAS HUMANAS, LETRAS E ARTES";"";"";"116624";"2017-04-04";"Portaria nº 272/2017 - MEC";"";
"7264330";"DANÇA";"5752714";"MARCOS BRAGATO";"ATIVO";"GRADUAÇÃO";"LICENCIATURA";"Presencial";"Linguística, Letras e Artes";"Regular";"";"Um ciclo";"NATAL";"";"442";"CENTRO DE CIÊNCIAS HUMANAS, LETRAS E ARTES";"http://www.cchla.ufrn.br";"";"116774";"2015-10-05";"Portaria nº 699/2015 - MEC";"";
"6992521";"DESIGN";"5756882";"HELENA RUGAI BASTOS";"ATIVO";"GRADUAÇÃO";"BACHARELADO";"Presencial";"Linguística, Letras e Artes";"Regular";"";"Um ciclo";"NATAL";"";"442";"CENTRO DE CIÊNCIAS HUMANAS, LETRAS E ARTES";"http://www.cchla.ufrn.br";"";"116758";"2017-04-04";"Portaria nº 272/2017 - MEC";"";
"2000018";"DIREITO";"5752486";"ANNA EMANUELLA NELSON DOS SANTOS CAVALCANTI DA ROCHA";"ATIVO";"GRADUAÇÃO";"BACHARELADO";"Presencial";"Ciências Sociais Aplicadas";"Regular";"Matutino e Noturno";"Um ciclo";"NATAL";"Campus Central";"443";"CENTRO DE CIÊNCIAS SOCIAIS APLICADAS";"";"1954-01-25";"12317";"2017-07-10";"Portaria nº 688";"";
"2000019";"DIREITO";"5758751";"FABRICIO GERMANO ALVES";"ATIVO";"GRADUAÇÃO";"BACHARELADO";"Presencial";"Ciências Sociais Aplicadas";"Regular";"Matutino, Vespertino e Noturno";"Um ciclo";"CAICÓ";"Campus Caicó";"1482";"CENTRO DE  ENSINO SUPERIOR DO SERIDÓ";"http://sol.ccsa.ufrn.br/ccsa/areas/dir/direito/";"2020-01-01";"18852";"2018-02-02";"PORTARIA Nº 58, DE 2 DE FEVEREIRO DE 2018";"";
"2000121";"ECOLOGIA";"5754633";"MIRIAM PLAZA PINTO";"ATIVO";"GRADUAÇÃO";"BACHARELADO";"Presencial";"Ciências Biológicas";"Regular";"Matutino e Vespertino";"Um ciclo";"NATAL";"Campus Central";"440";"CENTRO DE BIOCIÊNCIAS";"http://www.ecologia.ufrn.br/";"2003-12-31";"60286";"2006-12-08";"PORTARIA Nº 1030/2006 - MEC";"";
"111635041";"EDUCAÇÃO FÍSICA";"5758779";"AGUINALDO CESAR SURDI";"ATIVO";"GRADUAÇÃO";"LICENCIATURA";"Presencial";"Ciências da Saúde";"Regular";"Matutino, Vespertino e Noturno";"Um ciclo";"NATAL";"Campus Central";"441";"CENTRO DE CIÊNCIAS DA SAÚDE";"http://prograd.ufrn.br/";"1973-08-13";"312327";"2015-12-30";"Portaria nº 1098/2015 - DIREG/MEC";"";
"50688664";"EDUCAÇÃO FÍSICA";"5757053";"MARCIO ROMEU RIBAS DE OLIVEIRA";"ATIVO";"GRADUAÇÃO";"LICENCIATURA";"A Distância";"Ciências da Saúde";"Regular";"";"Um ciclo";"NATAL";"";"441";"CENTRO DE CIÊNCIAS DA SAÚDE";"";"";"1193750";"2016-07-08";"Portaria nº 293/2016 - MEC";"";
"85436676";"EDUCAÇÃO FÍSICA";"5753046";"BRENO GUILHERME DE ARAUJO TINOCO CABRAL";"ATIVO";"GRADUAÇÃO";"LICENCIATURA";"Presencial";"Ciências da Saúde";"Semestral";"";"Um ciclo";"NATAL";"";"441";"CENTRO DE CIÊNCIAS DA SAÚDE";"";"";"312327";"2015-12-30";"Portaria nº 1098/2015 - DIREG/MEC";"PARFOR";
"2000022";"EDUCAÇÃO FÍSICA";"5760173";"THAIS REIS SILVA DE PAULO";"ATIVO";"GRADUAÇÃO";"BACHARELADO";"Presencial";"Ciências da Saúde";"Regular";"Matutino, Vespertino e Noturno";"Um ciclo";"NATAL";"Campus Central";"441";"CENTRO DE CIÊNCIAS DA SAÚDE";"http://prograd.ufrn.br/";"1973-08-13";"12327";"2018-03-02";"Portaria Nº 133/2018 - MEC";"";
"2000023";"ENFERMAGEM";"5757048";"DANIELE VIEIRA DANTAS";"ATIVO";"GRADUAÇÃO";"BACHARELADO";"Presencial";"Ciências da Saúde";"Regular";"Matutino e Vespertino";"Um ciclo";"NATAL";"Campus Central";"441";"CENTRO DE CIÊNCIAS DA SAÚDE";"http://www.prograd.ufrn.br";"1974-01-02";"12326";"2018-03-02";"Portaria Nº 133/2018 - MEC";"";
"13027790";"ENFERMAGEM";"5752295";"LUCIANE PAULA BATISTA ARAUJO DE OLIVEIRA";"ATIVO";"GRADUAÇÃO";"BACHARELADO";"Presencial";"Ciências da Saúde";"Regular";"";"Um ciclo";"SANTA CRUZ";"";"4890";"FACULDADE DE CIÊNCIAS DA SAÚDE DO TRAIRI - FACISA";"http://www.prograd.ufrn.br";"";"108486";"2015-01-02";"Portaria nº 824/2014 - DIREG/MEC";"";
"2576632";"ENGENHARIA AGRONÔMICA";"5758350";"JOSE HAMILTON DA COSTA FILHO";"ATIVO";"GRADUAÇÃO";"BACHARELADO";"Presencial";"Ciências Agrárias";"Regular";"";"Um ciclo";"MACAÍBA";"";"351";"ESCOLA AGRÍCOLA DE JUNDIAÍ";"";"";"1127694";"2018-03-02";"Portaria Nº 133/2018 - MEC";"";
"85322571";"ENGENHARIA AMBIENTAL";"";"";"ATIVO";"GRADUAÇÃO";"BACHARELADO";"Presencial";"Engenharias";"Anual";"";"Dois ciclos";"NATAL";"";"445";"CENTRO DE TECNOLOGIA";"";"";"1159355";"2015-12-30";"Portaria nº 1098/2015 - DIREG/MEC";"";
"85341136";"ENGENHARIA BIOMÉDICA";"5755418";"BEATRIZ STRANSKY FERREIRA";"ATIVO";"GRADUAÇÃO";"BACHARELADO";"Presencial";"Engenharias";"Regular";"";"Dois ciclos";"NATAL";"";"445";"CENTRO DE TECNOLOGIA";"";"";"1154794";"2015-11-13";"Portaria nº 867/2015 - DIREG/MEC";"";
"2000025";"ENGENHARIA CIVIL";"18408";"MOACIR GUILHERMINO DA SILVA";"ATIVO";"GRADUAÇÃO";"BACHARELADO";"Presencial";"Engenharias";"Regular";"Matutino, Vespertino e Noturno";"Um ciclo";"NATAL";"Campus Central";"445";"CENTRO DE TECNOLOGIA";"http://www.ct.ufrn.br/ct/conteudo/graduacao/eng_civil.htm";"1960-01-02";"12339";"2015-12-30";"Portaria nº 1098/2015 - DIREG/MEC";"";
"2000150";"ENGENHARIA DE ALIMENTOS";"5753706";"BEATRIZ DE CASSIA MARTINS SALOMAO";"ATIVO";"GRADUAÇÃO";"BACHARELADO";"Presencial";"Engenharias";"Regular";"Noturno";"Um ciclo";"NATAL";"Campus Central";"445";"CENTRO DE TECNOLOGIA";"http://www.ct.ufrn.br";"2020-01-01";"96878";"2015-12-30";"Portaria nº 1098/2015 - DIREG/MEC";"";
"2576623";"ENGENHARIA DE AQUICULTURA";"5757810";"VIRGINIA MARIA CAVALARI HENRIQUES";"ATIVO";"GRADUAÇÃO";"BACHARELADO";"Presencial";"Ciências Biológicas";"Regular";"";"Um ciclo";"NATAL";"";"440";"CENTRO DE BIOCIÊNCIAS";"";"";"1157867";"2015-01-23";"Portaria nº 44/2015 - DIREG/MEC";"";
"2000026";"ENGENHARIA DE COMPUTAÇÃO";"5753097";"DIOGO PINHEIRO FERNANDES PEDROSA";"ATIVO";"GRADUAÇÃO";"BACHARELADO";"Presencial";"Engenharias";"Regular";"Matutino, Vespertino e Noturno";"Dois ciclos";"NATAL";"Campus Central";"445";"CENTRO DE TECNOLOGIA";"http://www.engcomp.ufrn.br/";"1996-03-03";"18392";"2016-07-18";"Portaria nº 317/2016 - MEC";"";
"2000027";"ENGENHARIA DE MATERIAIS";"5753617";"FABIANA VILLELA DA MOTTA";"ATIVO";"GRADUAÇÃO";"BACHARELADO";"Presencial";"Engenharias";"Regular";"Matutino, Vespertino e Noturno";"Dois ciclos";"NATAL";"Campus Central";"445";"CENTRO DE TECNOLOGIA";"http://www.demat.ct.ufrn.br";"1999-04-05";"20339";"2016-07-18";"Portaria nº 317/2016 - MEC";"";
"2071220";"ENGENHARIA DE PETRÓLEO";"5752298";"JENNYS LOURDES MENESES BARILLAS";"ATIVO";"GRADUAÇÃO";"BACHARELADO";"Presencial";"Engenharias";"Regular";"";"Dois ciclos";"NATAL";"";"445";"CENTRO DE TECNOLOGIA";"";"";"1151610";"2015-12-30";"Portaria nº 1098/2015 - DIREG/MEC";"";
"2000029";"ENGENHARIA DE PRODUÇÃO";"5757889";"HERBERT RICARDO GARCIA VIANA";"ATIVO";"GRADUAÇÃO";"BACHARELADO";"Presencial";"Engenharias";"Regular";"Vespertino e Noturno";"Um ciclo";"NATAL";"Campus Central";"445";"CENTRO DE TECNOLOGIA";"http://www.prograd.ufrn.br";"1998-03-03";"18853";"2016-12-15";"Portaria nº 797/2016 - MEC";"";
"17848940";"ENGENHARIA DE SOFTWARE";"5758443";"EVERTON RANIELLY DE SOUSA CAVALCANTE";"ATIVO";"GRADUAÇÃO";"BACHARELADO";"Presencial";"Ciências Exatas e da Terra";"Regular";"";"Dois ciclos";"NATAL";"";"439";"CENTRO DE CIÊNCIAS EXATAS E DA TERRA";"";"";"1113231";"2013-12-11";"Portaria nº 651/2013 - MEC";"";
"85322080";"ENGENHARIA DE TELECOMUNICAÇÕES";"5753871";"MARCIO EDUARDO DA COSTA RODRIGUES";"ATIVO";"GRADUAÇÃO";"BACHARELADO";"Presencial";"Engenharias";"Regular";"";"Dois ciclos";"NATAL";"";"445";"CENTRO DE TECNOLOGIA";"";"";"1154401";"2015-11-13";"Portaria nº 867/2015 - DIREG/MEC";"";
"2000030";"ENGENHARIA ELÉTRICA";"18678";"CAIO DORNELES CUNHA";"ATIVO";"GRADUAÇÃO";"BACHARELADO";"Presencial";"Engenharias";"Regular";"Matutino, Vespertino e Noturno";"Um ciclo";"NATAL";"Campus Central";"445";"CENTRO DE TECNOLOGIA";"http://www.dee.ufrn.br/";"1969-04-02";"12340";"2016-12-15";"Portaria nº 797/2016 - MEC";"";
"8068230";"ENGENHARIA FLORESTAL";"5753897";"JULIANA LORENSI DO CANTO";"ATIVO";"GRADUAÇÃO";"BACHARELADO";"Presencial";"Engenharias";"Regular";"";"Um ciclo";"MACAÍBA";"";"351";"ESCOLA AGRÍCOLA DE JUNDIAÍ";"";"";"116762";"2015-12-30";"Portaria nº 1098/2015 - DIREG/MEC";"";
"2000031";"ENGENHARIA MECÂNICA";"5754638";"THERCIO HENRIQUE DE CARVALHO COSTA";"ATIVO";"GRADUAÇÃO";"BACHARELADO";"Presencial";"Engenharias";"Regular";"Matutino, Vespertino e Noturno";"Um ciclo";"NATAL";"Campus Central";"445";"CENTRO DE TECNOLOGIA";"http://www.mec.ufrn.br/";"1976-03-03";"12342";"2016-07-18";"Portaria nº 316/2016 - MEC";"";
"85437055";"ENGENHARIA MECATRÔNICA";"5753661";"MARCIO VALERIO DE ARAUJO";"ATIVO";"GRADUAÇÃO";"BACHARELADO";"Presencial";"Engenharias";"Regular";"";"Um ciclo";"NATAL";"";"445";"CENTRO DE TECNOLOGIA";"";"";"1159084";"2015-12-02";"Portaria nº 933/2015 - DIREG/MEC";"";
"2000032";"ENGENHARIA QUÍMICA";"5755477";"HUMBERTO NEVES MAIA DE OLIVEIRA";"ATIVO";"GRADUAÇÃO";"BACHARELADO";"Presencial";"Engenharias";"Regular";"Matutino, Vespertino e Noturno";"Um ciclo";"NATAL";"Campus Central";"445";"CENTRO DE TECNOLOGIA";"http://www.eq.ufrn.br/";"1974-02-01";"12344";"2016-12-15";"Portaria nº 797/2016 - MEC";"";
"2000033";"ENGENHARIA TÊXTIL";"2296724";"MARCOS SILVA DE AQUINO";"ATIVO";"GRADUAÇÃO";"BACHARELADO";"Presencial";"Engenharias";"Regular";"Vespertino e Noturno";"Um ciclo";"NATAL";"Campus Central";"445";"CENTRO DE TECNOLOGIA";"http://www.prograd.ufrn.br/";"1998-03-03";"18854";"2018-08-21";"PORTARIA MEC N° 566";"";
"2000034";"ESTATÍSTICA";"5752026";"DENIZE ARAUJO BARBOSA";"ATIVO";"GRADUAÇÃO";"BACHARELADO";"Presencial";"Ciências Exatas e da Terra";"Regular";"Matutino";"Um ciclo";"NATAL";"Campus Central";"439";"CENTRO DE CIÊNCIAS EXATAS E DA TERRA";"http://www.estatistica.ccet.ufrn.br/";"1974-03-01";"12337";"2017-06-26";"Portaria nº 628";"";
"2000039";"FARMÁCIA";"5753043";"WALDENICE DE ALENCAR MORAIS LIMA";"ATIVO";"GRADUAÇÃO";"BACHARELADO";"Presencial";"Ciências da Saúde";"Regular";"Matutino e Vespertino";"Um ciclo";"NATAL";"Campus Central";"441";"CENTRO DE CIÊNCIAS DA SAÚDE";"http://www.farmacia.ccs.ufrn.br/";"1923-01-08";"12328";"2018-03-02";"Portaria Nº 133/2018 - MEC";"";
"111635047";"FILOSOFIA";"22937";"MARKUS FIGUEIRA DA SILVA";"ATIVO";"GRADUAÇÃO";"LICENCIATURA";"Presencial";"Linguística, Letras e Artes";"Regular";"Noturno";"Um ciclo";"NATAL";"Campus Central";"442";"CENTRO DE CIÊNCIAS HUMANAS, LETRAS E ARTES";"http://www.cchla.ufrn.br/filosofia/";"1980-01-02";"12321";"2016-12-15";"Portaria nº 797/2016 - MEC";"";
"2000040";"FILOSOFIA";"5752753";"EDUARDO ANIBAL PELLEJERO";"ATIVO";"GRADUAÇÃO";"BACHARELADO";"Presencial";"Linguística, Letras e Artes";"Regular";"Noturno";"Um ciclo";"NATAL";"Campus Central";"442";"CENTRO DE CIÊNCIAS HUMANAS, LETRAS E ARTES";"http://www.cchla.ufrn.br/filosofia/";"1980-01-02";"312321";"2015-12-30";"Portaria nº 1098/2015 - DIREG/MEC";"";
"2000124";"FÍSICA";"5753880";"JOAO MEDEIROS DE ARAUJO";"ATIVO";"GRADUAÇÃO";"LICENCIATURA";"A Distância";"Ciências Exatas e da Terra";"Regular";"Matutino, Vespertino e Noturno";"Um ciclo";"NATAL";"";"439";"CENTRO DE CIÊNCIAS EXATAS E DA TERRA";"";"1969-03-01";"99892";"2013-06-03";"Portaria nº 244/2013 - MEC";"";
"2000041";"FÍSICA";"5756348";"LUIZ FELIPE CAVALCANTI PEREIRA";"ATIVO";"GRADUAÇÃO";"BACHARELADO";"Presencial";"Ciências Exatas e da Terra";"Regular";"Matutino, Vespertino e Noturno";"Um ciclo";"NATAL";"Campus Central";"439";"CENTRO DE CIÊNCIAS EXATAS E DA TERRA";"http://www.dfte.ufrn.br/";"1969-03-01";"12334";"2015-12-30";"Portaria nº 1098/2015 - DIREG/MEC";"";
"111635050";"FÍSICA";"5751879";"JULIANA MESQUITA HIDALGO FERREIRA";"ATIVO";"GRADUAÇÃO";"LICENCIATURA";"Presencial";"Ciências Exatas e da Terra";"Regular";"Matutino, Vespertino e Noturno";"Um ciclo";"NATAL";"Campus Central";"439";"CENTRO DE CIÊNCIAS EXATAS E DA TERRA";"http://www.dfte.ufrn.br/";"1969-03-01";"312334";"2015-12-30";"Portaria nº 1098/2015 - DIREG/MEC";"";
"2000042";"FISIOTERAPIA";"5756851";"ALINE MEDEIROS CAVALCANTI DA FONSECA";"ATIVO";"GRADUAÇÃO";"BACHARELADO";"Presencial";"Ciências da Saúde";"Regular";"Matutino e Vespertino";"Um ciclo";"NATAL";"Campus Central";"441";"CENTRO DE CIÊNCIAS DA SAÚDE";"";"1978-06-12";"12331";"2018-03-02";"Portaria Nº 133/2018 - MEC";"";
"10345860";"FISIOTERAPIA";"5757431";"KLAYTON GALANTE SOUSA";"ATIVO";"GRADUAÇÃO";"BACHARELADO";"Presencial";"Ciências da Saúde";"Regular";"";"Um ciclo";"SANTA CRUZ";"";"4890";"FACULDADE DE CIÊNCIAS DA SAÚDE DO TRAIRI - FACISA";"http://prograd.ufrn.br/";"";"116752";"2018-03-02";"Portaria Nº 133/2018 - MEC";"";
"7410980";"FONOAUDIOLOGIA";"5758542";"ANA MANHANI CACERES ASSENCO";"ATIVO";"GRADUAÇÃO";"BACHARELADO";"Presencial";"Ciências da Saúde";"Regular";"";"Um ciclo";"NATAL";"";"441";"CENTRO DE CIÊNCIAS DA SAÚDE";"http://www.prograd.ufrn.br";"";"116764";"2018-03-02";"Portaria Nº 133/2018 - MEC";"";
"2936390";"GEOFÍSICA";"5754285";"MILTON MORAIS XAVIER JUNIOR";"ATIVO";"GRADUAÇÃO";"BACHARELADO";"Presencial";"Ciências Exatas e da Terra";"Regular";"Matutino e Vespertino";"Um ciclo";"NATAL";"";"439";"CENTRO DE CIÊNCIAS EXATAS E DA TERRA";"http://www.prograd.ufrn.br";"2008-02-18";"113096";"2012-11-06";"Portaria nº 220/2012 - MEC";"";
"2000043";"GEOGRAFIA";"5751985";"MARCELO DOS SANTOS CHAVES";"ATIVO";"GRADUAÇÃO";"BACHARELADO";"Presencial";"Ciências Exatas e da Terra";"Regular";"Matutino e Noturno";"Um ciclo";"NATAL";"Campus Central";"442";"CENTRO DE CIÊNCIAS HUMANAS, LETRAS E ARTES";"http://prograd.ufrn.br/";"1956-03-07";"12323";"2016-12-15";"Portaria nº 797/2016 - MEC";"";
"2671321";"GEOGRAFIA";"22706";"ORGIVAL BEZERRA DA NOBREGA JUNIOR";"ATIVO";"GRADUAÇÃO";"LICENCIATURA";"A Distância";"Ciências Humanas";"Regular";"Matutino, Vespertino e Noturno";"Um ciclo";"NATAL";"";"442";"CENTRO DE CIÊNCIAS HUMANAS, LETRAS E ARTES";"http://prograd.ufrn.br/";"2007-10-01";"111314";"2013-06-03";"Portaria nº 244/2013 - MEC";"";
"2000044";"GEOGRAFIA";"5758017";"SAULO ROBERTO DE OLIVEIRA VITAL";"ATIVO";"GRADUAÇÃO";"BACHARELADO";"Presencial";"Ciências Humanas";"Regular";"Matutino e Vespertino";"Um ciclo";"CAICÓ";"Campus Caicó";"1482";"CENTRO DE  ENSINO SUPERIOR DO SERIDÓ";"";"1974-03-11";"1083438";"2015-12-30";"Portaria nº 1098/2015 - DIREG/MEC";"";
"111635053";"GEOGRAFIA";"22722";"ANELINO FRANCISCO DA SILVA";"ATIVO";"GRADUAÇÃO";"LICENCIATURA";"Presencial";"Ciências Exatas e da Terra";"Regular";"Matutino e Noturno";"Um ciclo";"NATAL";"Campus Central";"442";"CENTRO DE CIÊNCIAS HUMANAS, LETRAS E ARTES";"http://prograd.ufrn.br/";"1956-03-07";"312323";"2015-12-30";"Portaria nº 1098/2015 - DIREG/MEC";"";
"111635055";"GEOGRAFIA";"5759417";"IAPONY RODRIGUES GALVAO";"ATIVO";"GRADUAÇÃO";"LICENCIATURA";"Presencial";"Ciências Humanas";"Regular";"Matutino e Vespertino";"Um ciclo";"CAICÓ";"Campus Caicó";"1482";"CENTRO DE  ENSINO SUPERIOR DO SERIDÓ";"";"1974-03-11";"12351";"2015-12-30";"Portaria nº 1098/2015 - DIREG/MEC";"";
"2000045";"GEOLOGIA";"20793";"HEITOR NEVES MAIA";"ATIVO";"GRADUAÇÃO";"BACHARELADO";"Presencial";"Ciências Exatas e da Terra";"Regular";"Matutino e Vespertino";"Um ciclo";"NATAL";"Campus Central";"439";"CENTRO DE CIÊNCIAS EXATAS E DA TERRA";"http://www.ccet.ufrn.br/hp_geo/";"1976-06-12";"12336";"2017-08-07";"PORTARIA nº 847/2017 - MEC";"";
"96726786";"GESTÃO DE COOPERATIVAS";"23198";"WASHINGTON JOSE DE SOUSA";"ATIVO";"GRADUAÇÃO";"TECNOLÓGICO";"Presencial";"Ciências Sociais Aplicadas";"Temporário";"";"Um ciclo";"NATAL";"";"443";"CENTRO DE CIÊNCIAS SOCIAIS APLICADAS";"adelardo";"";"1259743";"2015-12-24";"Portaria nº 1033/2015 - DIREG/MEC";"";
"10426760";"GESTÃO DE POLÍTICAS PÚBLICAS";"5755561";"ZORAIDE SOUZA PESSOA";"ATIVO";"GRADUAÇÃO";"BACHARELADO";"Presencial";"Ciências Humanas";"Regular";"";"Um ciclo";"NATAL";"";"442";"CENTRO DE CIÊNCIAS HUMANAS, LETRAS E ARTES";"http://www.cchla.ufrn.br";"";"116928";"2013-11-20";"Portaria nº 603/2013 - MEC";"";
"2000159";"GESTÃO HOSPITALAR";"5757138";"THEO DUARTE DA COSTA";"ATIVO";"GRADUAÇÃO";"TECNOLÓGICO";"Presencial";"Ciências da Saúde";"Regular";"Matutino, Vespertino e Noturno";"Um ciclo";"NATAL";"Campus Central";"205";"ESCOLA DE SAÚDE";"";"2020-01-01";"1109331";"2018-03-02";"Portaria Nº 133/2018 - MEC";"";
"50913238";"HISTÓRIA";"5752683";"JOSE EVANGELISTA FAGUNDES";"ATIVO";"GRADUAÇÃO";"LICENCIATURA";"A Distância";"Ciências Humanas";"Regular";"";"Um ciclo";"NATAL";"";"442";"CENTRO DE CIÊNCIAS HUMANAS, LETRAS E ARTES";"";"";"1299294";"";"";"";
"2000047";"HISTÓRIA";"5753244";"FABIO MAFRA BORGES";"ATIVO";"GRADUAÇÃO";"BACHARELADO";"Presencial";"Ciências Humanas";"Regular";"Matutino e Vespertino";"Um ciclo";"CAICÓ";"Campus Caicó";"1482";"CENTRO DE  ENSINO SUPERIOR DO SERIDÓ";"http://prograd.ufrn.br/";"1974-03-11";"1083431";"2012-12-31";"PORTARIA N° 304/2012 - MEC";"";
"2000046";"HISTÓRIA";"5752301";"SEBASTIAO LEAL FERREIRA VARGAS NETTO";"ATIVO";"GRADUAÇÃO";"BACHARELADO";"Presencial";"Ciências Humanas";"Regular";"Matutino e Noturno";"Um ciclo";"NATAL";"Campus Central";"442";"CENTRO DE CIÊNCIAS HUMANAS, LETRAS E ARTES";"http://prograd.ufrn.br/";"1957-03-07";"1113228";"1959-09-16";"Decreto nº 46.868";"";
"111635060";"HISTÓRIA";"26221";"JAILMA MARIA DE LIMA";"ATIVO";"GRADUAÇÃO";"LICENCIATURA";"Presencial";"Ciências Humanas";"Regular";"Matutino e Vespertino";"Um ciclo";"CAICÓ";"Campus Caicó";"1482";"CENTRO DE  ENSINO SUPERIOR DO SERIDÓ";"http://prograd.ufrn.br/";"1974-03-11";"12350";"2015-12-30";"Portaria nº 1098/2015 - DIREG/MEC";"";
"111635057";"HISTÓRIA";"22163";"RAIMUNDO NONATO ARAUJO DA ROCHA";"ATIVO";"GRADUAÇÃO";"LICENCIATURA";"Presencial";"Ciências Humanas";"Regular";"Matutino e Noturno";"Um ciclo";"NATAL";"Campus Central";"442";"CENTRO DE CIÊNCIAS HUMANAS, LETRAS E ARTES";"http://prograd.ufrn.br/";"1957-03-07";"12324";"2015-12-30";"Portaria nº 1098/2015 - DIREG/MEC";"";
"118835329";"JORNALISMO";"25607";"KENIA BEATRIZ FERREIRA MAIA";"ATIVO";"GRADUAÇÃO";"BACHARELADO";"Presencial";"Ciências Humanas";"Regular";"";"Um ciclo";"NATAL";"";"442";"CENTRO DE CIÊNCIAS HUMANAS, LETRAS E ARTES";"";"";"29462";"";"";"";
"50852239";"LETRAS";"5756347";"ANA VIRGINIA LIMA DA SILVA ROCHA";"ATIVO";"GRADUAÇÃO";"LICENCIATURA";"A Distância";"Linguística, Letras e Artes";"Regular";"";"Um ciclo";"NATAL";"";"442";"CENTRO DE CIÊNCIAS HUMANAS, LETRAS E ARTES";"";"";"1170261";"2015-11-30";"Portaria nº 922/2015 - DIREG/MEC";"";
"118836561";"LETRAS - FRANCÊS";"5754981";"TAMARA MARIA COSTA E SILVA N DE ABREU";"ATIVO";"GRADUAÇÃO";"LICENCIATURA";"Presencial";"Linguística, Letras e Artes";"Regular";"";"Um ciclo";"NATAL";"";"442";"CENTRO DE CIÊNCIAS HUMANAS, LETRAS E ARTES";"";"";"32296";"2012-12-27";"Portaria nº 286/2012 - MEC";"";
"118840295";"LETRAS - INGLÊS";"5757966";"LUIS ALFREDO FERNANDES DE ASSIS";"ATIVO";"GRADUAÇÃO";"LICENCIATURA";"Presencial";"Linguística, Letras e Artes";"Regular";"";"Um ciclo";"NATAL";"";"442";"CENTRO DE CIÊNCIAS HUMANAS, LETRAS E ARTES";"";"";"34277";"2015-12-30";"Portaria nº 1098/2015 - DIREG/MEC";"";
"118880834";"LETRAS - LÍNGUA ESPANHOLA";"5752165";"IZABEL SOUZA DO NASCIMENTO";"ATIVO";"GRADUAÇÃO";"LICENCIATURA";"Presencial";"Linguística, Letras e Artes";"Regular";"";"Um ciclo";"NATAL";"";"442";"CENTRO DE CIÊNCIAS HUMANAS, LETRAS E ARTES";"";"";"116564";"2015-12-30";"Portaria nº 1098/2015 - DIREG/MEC";"";
"118922026";"LETRAS - LÍNGUA ESPANHOLA";"5754632";"SEBASTIAO AUGUSTO RABELO";"ATIVO";"GRADUAÇÃO";"LICENCIATURA";"Presencial";"Linguística, Letras e Artes";"Regular";"";"Um ciclo";"CURRAIS NOVOS";"";"1482";"CENTRO DE  ENSINO SUPERIOR DO SERIDÓ";"";"";"116626";"2018-03-19";"Portaria 185- MEC/SERES";"";
"118922626";"LETRAS - LÍNGUA PORTUGUESA";"2289732";"HELIO DIAS FURTADO";"ATIVO";"GRADUAÇÃO";"LICENCIATURA";"Presencial";"Linguística, Letras e Artes";"Regular";"";"Um ciclo";"CURRAIS NOVOS";"";"1482";"CENTRO DE  ENSINO SUPERIOR DO SERIDÓ";"";"";"110830";"2018-05-30";"PORTARIA MEC Nº 375";"";
"118881115";"LETRAS - LÍNGUA PORTUGUESA";"5758764";"JULIANE VARGAS WELTER";"ATIVO";"GRADUAÇÃO";"LICENCIATURA";"Presencial";"Ciências Humanas";"Regular";"";"Um ciclo";"NATAL";"";"442";"CENTRO DE CIÊNCIAS HUMANAS, LETRAS E ARTES";"";"";"31160";"2015-12-30";"Portaria nº 1098/2015 - DIREG/MEC";"";
"118921874";"LETRAS - LÍNGUA PORTUGUESA E LIBRAS";"5757652";"LARALIS NUNES DE SOUSA OLIVEIRA";"ATIVO";"GRADUAÇÃO";"LICENCIATURA";"Presencial";"Linguística, Letras e Artes";"Regular";"";"Um ciclo";"NATAL";"";"442";"CENTRO DE CIÊNCIAS HUMANAS, LETRAS E ARTES";"";"";"1279038";"2017-09-27";"PORTARIA Nº 1.011 - MEC";"";
"102191189";"LICENCIATURA EM CIÊNCIAS SOCIAIS";"5754627";"CESAR SANSON";"ATIVO";"GRADUAÇÃO";"LICENCIATURA";"Presencial";"Ciências Humanas";"Temporário";"";"Um ciclo";"NATAL";"";"442";"CENTRO DE CIÊNCIAS HUMANAS, LETRAS E ARTES";"";"";"12315";"";"";"PRONERA";
"85436489";"MATEMÁTICA";"17497";"MANUEL CLAUDEMIR SILVA CALDAS";"ATIVO";"GRADUAÇÃO";"LICENCIATURA";"Presencial";"Ciências Exatas e da Terra";"Semestral";"";"Um ciclo";"NATAL";"";"439";"CENTRO DE CIÊNCIAS EXATAS E DA TERRA";"";"";"";"2012-12-27";"Portaria nº 286/2012 - MEC";"PARFOR";
"2000055";"MATEMÁTICA";"5757217";"MARIA JUCIMEIRE DOS SANTOS";"ATIVO";"GRADUAÇÃO";"LICENCIATURA";"Presencial";"Ciências Exatas e da Terra";"Regular";"Matutino, Vespertino e Noturno";"Um ciclo";"CAICÓ";"Campus Caicó";"1482";"CENTRO DE  ENSINO SUPERIOR DO SERIDÓ";"";"1979-07-20";"12354";"2015-12-30";"Portaria nº 1098/2015 - DIREG/MEC";"";
"111635066";"MATEMÁTICA";"5755053";"FERNANDO GUEDES CURY";"ATIVO";"GRADUAÇÃO";"LICENCIATURA";"Presencial";"Ciências Exatas e da Terra";"Regular";"Matutino, Vespertino e Noturno";"Um ciclo";"NATAL";"Campus Central";"439";"CENTRO DE CIÊNCIAS EXATAS E DA TERRA";"http://www.ccet.ufrn.br/matematica/";"1969-08-01";"312333";"2016-12-15";"Portaria nº 797/2016 - MEC";"";
"2000134";"MATEMÁTICA";"5755581";"VIVIANE KLEIN";"ATIVO";"GRADUAÇÃO";"LICENCIATURA";"A Distância";"Ciências Exatas e da Terra";"Regular";"Matutino, Vespertino e Noturno";"Um ciclo";"NATAL";"";"439";"CENTRO DE CIÊNCIAS EXATAS E DA TERRA";"";"2020-01-01";"99898";"2013-06-03";"Portaria nº 244/2013 - MEC";"";
"2000054";"MATEMÁTICA";"";"";"ATIVO";"GRADUAÇÃO";"BACHARELADO";"Presencial";"Ciências Exatas e da Terra";"Regular";"Matutino, Vespertino e Noturno";"Um ciclo";"NATAL";"Campus Central";"439";"CENTRO DE CIÊNCIAS EXATAS E DA TERRA";"http://www.ccet.ufrn.br/matematica/";"1969-08-01";"12333";"2016-12-15";"Portaria nº 797/2016 - MEC";"";
"2000056";"MEDICINA";"22757";"FRANCISCO PIGNATARO LIMA";"ATIVO";"GRADUAÇÃO";"BACHARELADO";"Presencial";"Ciências da Saúde";"Regular";"Matutino, Vespertino e Noturno";"Um ciclo";"NATAL";"Campus Central";"441";"CENTRO DE CIÊNCIAS DA SAÚDE";"http://prograd.ufrn.br/";"1956-03-01";"12345";"2017-12-18";"Portaria MEC nº 1.345";"";
"104831949";"MEDICINA";"5756244";"JANE CRISTINA MEDEIROS";"ATIVO";"GRADUAÇÃO";"BACHARELADO";"Presencial";"Ciências da Saúde";"Regular";"";"Um ciclo";"CAICÓ";"";"7278";"ESCOLA MULTICAMPI DE CIÊNCIAS MÉDICAS DO RIO GRANDE DO NORTE";"";"";"1202546";"2014-05-13";"Portaria nº 274/2014 - SERES/MEC";"";
"101644626";"METEOROLOGIA";"5756337";"BERGSON GUEDES BEZERRA";"ATIVO";"GRADUAÇÃO";"BACHARELADO";"Presencial";"Ciências Exatas e da Terra";"Anual";"";"Um ciclo";"NATAL";"";"439";"CENTRO DE CIÊNCIAS EXATAS E DA TERRA";"";"";"1268383";"2018-08-15";"PORTARIA MEC N° 547";"";
"2000057";"MÚSICA";"5752855";"EZEQUIAS OLIVEIRA LIRA";"ATIVO";"GRADUAÇÃO";"BACHARELADO";"Presencial";"Linguística, Letras e Artes";"Regular";"Matutino, Vespertino e Noturno";"Um ciclo";"NATAL";"Campus Central";"284";"ESCOLA DE MÚSICA";"http://www.emusica.ufrn.br/";"2020-01-01";"24803";"2017-08-07";"PORTARIA nº 847/2017 - MEC";"";
"111635069";"MÚSICA";"21707";"DANILO CESAR GUANAIS DE OLIVEIRA";"ATIVO";"GRADUAÇÃO";"LICENCIATURA";"Presencial";"Linguística, Letras e Artes";"Regular";"Matutino, Vespertino e Noturno";"Um ciclo";"NATAL";"Campus Central";"284";"ESCOLA DE MÚSICA";"http://www.emusica.ufrn.br/";"2020-01-01";"18395";"2015-12-30";"Portaria nº 1098/2015 - DIREG/MEC";"";
"2000058";"NUTRIÇÃO";"22932";"CELIA MARCIA MEDEIROS DE MORAIS";"ATIVO";"GRADUAÇÃO";"BACHARELADO";"Presencial";"Ciências da Saúde";"Regular";"Matutino e Vespertino";"Um ciclo";"NATAL";"Campus Central";"441";"CENTRO DE CIÊNCIAS DA SAÚDE";"http://prograd.ufrn.br/";"1977-02-24";"12329";"2018-03-02";"Portaria Nº 133/2018 - MEC";"";
"10317040";"NUTRIÇÃO";"5753246";"KATYA ANAYA JACINTO";"ATIVO";"GRADUAÇÃO";"BACHARELADO";"Presencial";"Ciências da Saúde";"Regular";"";"Um ciclo";"SANTA CRUZ";"";"4890";"FACULDADE DE CIÊNCIAS DA SAÚDE DO TRAIRI - FACISA";"http://prograd.ufrn.br/";"";"116754";"2018-03-02";"Portaria Nº 133/2018 - MEC";"";
"2000059";"ODONTOLOGIA";"26070";"MARIA CRISTINA DOS SANTOS MEDEIROS";"ATIVO";"GRADUAÇÃO";"BACHARELADO";"Presencial";"Ciências da Saúde";"Regular";"Matutino e Vespertino";"Um ciclo";"NATAL";"Campus Central";"441";"CENTRO DE CIÊNCIAS DA SAÚDE";"http://www.odonto.dod.ufrn.br/";"1947-02-02";"12330";"2018-03-02";"Portaria Nº 133/2018 - MEC";"";
"2000064";"PEDAGOGIA";"5758826";"FRANCILEIDE BATISTA DE ALMEIDA VIEIRA";"ATIVO";"GRADUAÇÃO";"LICENCIATURA";"Presencial";"Ciências Sociais Aplicadas";"Regular";"Matutino e Vespertino";"Um ciclo";"CAICÓ";"Campus Caicó";"1482";"CENTRO DE  ENSINO SUPERIOR DO SERIDÓ";"http://sol.ccsa.ufrn.br/ccsa/areas/edu/pedagogia/";"1974-03-11";"12353";"2015-12-30";"Portaria nº 1098/2015 - DIREG/MEC";"";
"50799262";"PEDAGOGIA";"5755991";"FLAVIO BOLEIZ JUNIOR";"ATIVO";"GRADUAÇÃO";"LICENCIATURA";"A Distância";"Linguística, Letras e Artes";"Regular";"";"Um ciclo";"NATAL";"";"5965";"CENTRO DE EDUCAÇÃO";"";"";"1193519";"2016-05-16";"Portaria nº 191/2016 - MEC";"";
"2000063";"PEDAGOGIA";"5753870";"MERCIA DE OLIVEIRA PONTES";"ATIVO";"GRADUAÇÃO";"LICENCIATURA";"Presencial";"Ciências Sociais Aplicadas";"Regular";"Matutino, Vespertino e Noturno";"Um ciclo";"NATAL";"Campus Central";"5965";"CENTRO DE EDUCAÇÃO";"http://sol.ccsa.ufrn.br/ccsa/areas/edu/pedagogia/";"1970-03-01";"20938";"2015-12-30";"Portaria nº 1098/2015 - DIREG/MEC";"";
"102160763";"PSICOLOGIA";"5756896";"PABLO DE SOUSA SEIXAS";"ATIVO";"GRADUAÇÃO";"BACHARELADO";"Presencial";"Ciências Sociais Aplicadas";"Anual";"";"Um ciclo";"SANTA CRUZ";"";"4890";"FACULDADE DE CIÊNCIAS DA SAÚDE DO TRAIRI - FACISA";"";"";"1279922";"";"";"";
"2000066";"PSICOLOGIA";"5753023";"CYNARA CARVALHO DE ABREU";"ATIVO";"GRADUAÇÃO";"BACHARELADO";"Presencial";"Ciências Humanas";"Regular";"Matutino e Vespertino";"Um ciclo";"NATAL";"Campus Central";"442";"CENTRO DE CIÊNCIAS HUMANAS, LETRAS E ARTES";"http://www.cchla.ufrn.br/psicologia/";"1997-03-03";"12316";"1976-09-15";"RESOLUÇÃO Nº. 27/76 - CONSUNI";"";
"2000144";"QUÍMICA";"5753597";"CARLOS NECO DA SILVA JUNIOR";"ATIVO";"GRADUAÇÃO";"LICENCIATURA";"A Distância";"Ciências Exatas e da Terra";"Regular";"Matutino, Vespertino e Noturno";"Um ciclo";"NATAL";"";"439";"CENTRO DE CIÊNCIAS EXATAS E DA TERRA";"http://www.ccet.ufrn.br/hp_quimica/";"2020-01-01";"99896";"2013-06-03";"Portaria nº 244/2013 - MEC";"";
"2000067";"QUÍMICA";"5753914";"FABIANO DO ESPIRITO SANTO GOMES";"ATIVO";"GRADUAÇÃO";"BACHARELADO";"Presencial";"Ciências Exatas e da Terra";"Regular";"Matutino, Vespertino e Noturno";"Um ciclo";"NATAL";"Campus Central";"439";"CENTRO DE CIÊNCIAS EXATAS E DA TERRA";"http://www.ccet.ufrn.br/hp_quimica/";"1970-03-03";"12335";"2016-12-15";"Portaria nº 797/2016 - MEC";"";
"111635075";"QUÍMICA";"5753914";"FABIANO DO ESPIRITO SANTO GOMES";"ATIVO";"GRADUAÇÃO";"LICENCIATURA";"Presencial";"Ciências Exatas e da Terra";"Regular";"Matutino, Vespertino e Noturno";"Um ciclo";"NATAL";"Campus Central";"439";"CENTRO DE CIÊNCIAS EXATAS E DA TERRA";"http://www.ccet.ufrn.br/hp_quimica/";"1970-03-03";"312335";"2015-12-30";"Portaria nº 1098/2015 - DIREG/MEC";"";
"3156200";"QUÍMICA DO PETRÓLEO";"5753914";"FABIANO DO ESPIRITO SANTO GOMES";"ATIVO";"GRADUAÇÃO";"BACHARELADO";"Presencial";"Ciências Exatas e da Terra";"Regular";"Matutino e Vespertino";"Um ciclo";"NATAL";"";"439";"CENTRO DE CIÊNCIAS EXATAS E DA TERRA";"http://www.prograd.ufrn.br";"2008-02-18";"113098";"2012-10-03";"Portaria nº 190/2012 - MEC";"";
"7252420";"SAÚDE COLETIVA";"5754400";"ANA TANIA LOPES SAMPAIO";"ATIVO";"GRADUAÇÃO";"BACHARELADO";"Presencial";"Ciências da Saúde";"Regular";"";"Um ciclo";"NATAL";"";"441";"CENTRO DE CIÊNCIAS DA SAÚDE";"http://www.prograd.ufrn.br";"";"116778";"2018-08-21";"PORTARIA MEC N° 566";"";
"2000068";"SERVIÇO SOCIAL";"26160";"MIRIAM DE OLIVEIRA INACIO";"ATIVO";"GRADUAÇÃO";"BACHARELADO";"Presencial";"Ciências Sociais Aplicadas";"Regular";"Matutino e Vespertino";"Um ciclo";"NATAL";"Campus Central";"443";"CENTRO DE CIÊNCIAS SOCIAIS APLICADAS";"http://sol.ccsa.ufrn.br/ccsa/areas/serso/servicosocial/";"1945-03-02";"12325";"2018-03-02";"Portaria Nº 133/2018 - MEC";"";
"7191770";"SISTEMAS DE INFORMAÇÃO";"15373";"ALMIR MIRANDA FERREIRA";"ATIVO";"GRADUAÇÃO";"BACHARELADO";"Presencial";"Ciências Exatas e da Terra";"Regular";"";"Um ciclo";"CAICÓ";"Campus Caicó";"1482";"CENTRO DE  ENSINO SUPERIOR DO SERIDÓ";"http://www.prograd.ufrn.br";"";"116770";"2015-12-30";"Portaria nº 1098/2015 - DIREG/MEC";"";
"2000158";"TEATRO";"5758607";"MELISSA DOS SANTOS LOPES";"ATIVO";"GRADUAÇÃO";"LICENCIATURA";"Presencial";"Linguística, Letras e Artes";"Regular";"Matutino";"Um ciclo";"NATAL";"Campus Central";"442";"CENTRO DE CIÊNCIAS HUMANAS, LETRAS E ARTES";"http://www.cchla.ufrn.br/deart/";"2020-01-01";"108336";"2017-08-07";"Portaria nº 847/2017 - MEC";"";
"92127264";"TECNOLOGIA DA INFORMAÇÃO";"5757620";"ISABEL DILLMANN NUNES";"ATIVO";"GRADUAÇÃO";"BACHARELADO";"Presencial";"Ciências Exatas e da Terra";"Regular";"";"Um ciclo";"NATAL";"";"6069";"INSTITUTO METROPOLE DIGITAL";"";"";"1190414";"2016-05-02";"Portaria nº 127/2016 - MEC";"";
"2000069";"TURISMO";"";"";"ATIVO";"GRADUAÇÃO";"BACHARELADO";"Presencial";"Ciências Sociais Aplicadas";"Regular";"Vespertino";"Um ciclo";"NATAL";"Campus Central";"443";"CENTRO DE CIÊNCIAS SOCIAIS APLICADAS";"http://sol.ccsa.ufrn.br/ccsa/areas/tur/turismo/";"1997-03-03";"18394";"2017-04-04";"Portaria nº 272/2017 - MEC";"";
"2000071";"TURISMO";"5756776";"CAROLINA TODESCO";"ATIVO";"GRADUAÇÃO";"BACHARELADO";"Presencial";"Ciências Sociais Aplicadas";"Regular";"Matutino e Vespertino";"Um ciclo";"CURRAIS NOVOS";"Campus Currais Novos";"1482";"CENTRO DE  ENSINO SUPERIOR DO SERIDÓ";"";"2020-01-01";"108348";"2017-04-04";"Portaria nº 272/2017 - MEC";"";
"6358080";"ZOOTECNIA";"5754347";"VALDI DE LIMA JUNIOR";"ATIVO";"GRADUAÇÃO";"BACHARELADO";"Presencial";"Ciências Agrárias";"Regular";"";"Um ciclo";"MACAÍBA";"";"351";"ESCOLA AGRÍCOLA DE JUNDIAÍ";"http://www.zootecnia.ufrn.br/";"";"5000969";"2018-03-02";"Portaria Nº 133/2018 - MEC";"";
